cluster,count,dominant_failure_mode,mode_pct,mean_camera_distance,mean_ambient_light,mean_num_objects,mean_gt_box_area,top_profile,top_tier
3,235,missed_detection,0.6170212765957447,3.340493617021277,0.6398553191489361,3.8978723404255318,18073.013224577455,occluded,hard
2,181,false_positive,1.0,3.5533701657458554,0.6726685082872927,4.3259668508287294,,occluded,?
4,172,false_positive,1.0,2.8004127906976746,0.6837383720930233,6.4476744186046515,,baseline,?
1,99,missed_detection,0.6767676767676768,3.227494949494949,0.7223636363636363,11.202020202020202,11999.805511276614,crowded,hard
0,84,false_positive,0.75,2.4176190476190476,0.11839285714285715,3.0238095238095237,435.715660219773,dark,hard
